<configuration>
 <include resource="org/springframework/boot/logging/logback/base.xml" />
	<!-- Prod profile -->
  <springProfile name="prod">
  	 <property resource="application.properties" />
  	 <property name="APP_NAME" value="app.name" />
    <property name="PROD_HOME" value="logs" />
	<appender name="FILE-AUDIT"
		class="ch.qos.logback.core.rolling.RollingFileAppender">
		<file>${PROD_HOME}/${APP_NAME}-prod-debug.log</file>
		<encoder class="ch.qos.logback.classic.encoder.PatternLayoutEncoder">
			<Pattern>
				%d{yyyy-MM-dd HH:mm:ss.SSS} - [%X{traceId:-},%X{spanId:-},%X{userIdentifier:-},%t,%p,%M] - %msg%n
			</Pattern>
		</encoder>

		<rollingPolicy class="ch.qos.logback.core.rolling.TimeBasedRollingPolicy">
			<!-- rollover daily -->
			<fileNamePattern>${PROD_HOME}/archived/${APP_NAME}-prod-debug.%d{yyyy-MM-dd}.%i.log
                        </fileNamePattern>
			<timeBasedFileNamingAndTriggeringPolicy
				class="ch.qos.logback.core.rolling.SizeAndTimeBasedFNATP">
				<maxFileSize>10MB</maxFileSize>
			</timeBasedFileNamingAndTriggeringPolicy>
		</rollingPolicy>

	</appender>

	<appender name="FILE-ERROR"
		class="ch.qos.logback.core.rolling.RollingFileAppender">
		<file>${PROD_HOME}/${APP_NAME}-prod-error.log</file>
		<encoder class="ch.qos.logback.classic.encoder.PatternLayoutEncoder">
			<Pattern>
				%d{yyyy-MM-dd HH:mm:ss.SSS} - [%X{traceId:-},%X{spanId:-},%X{userIdentifier:-},%t,%p,%M] - %msg%n
			</Pattern>
		</encoder>

		<rollingPolicy class="ch.qos.logback.core.rolling.TimeBasedRollingPolicy">
			<!-- rollover daily -->
			<fileNamePattern>${PROD_HOME}/archived/${APP_NAME}-prod-error.%d{yyyy-MM-dd}.%i.log
                        </fileNamePattern>
			<timeBasedFileNamingAndTriggeringPolicy
				class="ch.qos.logback.core.rolling.SizeAndTimeBasedFNATP">
				<maxFileSize>10MB</maxFileSize>
			</timeBasedFileNamingAndTriggeringPolicy>
		</rollingPolicy>

	</appender>

	<!-- Send logs to file audit -->
	<logger name="com.danamon.onboarding" level="debug"
		additivity="false">
		<appender-ref ref="FILE-AUDIT" />		
	</logger>
	
	<logger name="org.springframework" level="error"
		additivity="false">
		<appender-ref ref="FILE-AUDIT" />		
	</logger>
	
	<logger name="org.hibernate" level="error"
		additivity="false">
		<appender-ref ref="FILE-ERROR" />		
	</logger>

	<root level="error">
		<appender-ref ref="FILE-ERROR" />
	</root>
  </springProfile>
  <!-- Dev profile -->
  <springProfile name="configservice">
   	<property name="DEV_HOME" value="logs" />
	<property resource="application.properties" />
  	 <property name="APP_NAME" value="${app.name}" />
	<appender name="STDOUT" class="ch.qos.logback.core.ConsoleAppender">
		<layout class="ch.qos.logback.classic.PatternLayout">
			<Pattern>
				%d{yyyy-MM-dd HH:mm:ss.SSS} - [%X{traceId:-},%X{spanId:-},%X{userIdentifier:-},%t,%p,%M] - %msg%n
			</Pattern>
		</layout>
	</appender>

	<appender name="FILE-AUDIT"
		class="ch.qos.logback.core.rolling.RollingFileAppender">
		<file>${DEV_HOME}/${APP_NAME}-dev-debug.log</file>
		<encoder class="ch.qos.logback.classic.encoder.PatternLayoutEncoder">
			<Pattern>
				%d{yyyy-MM-dd HH:mm:ss.SSS} - [%X{traceId:-},%X{spanId:-},%X{userIdentifier:-},%t,%p,%M] - %msg%n
			</Pattern>
		</encoder>

		<rollingPolicy class="ch.qos.logback.core.rolling.TimeBasedRollingPolicy">
			<!-- rollover daily -->
			<fileNamePattern>${DEV_HOME}/archived/${APP_NAME}-dev-debug.%d{yyyy-MM-dd}.%i.log
                        </fileNamePattern>
			<timeBasedFileNamingAndTriggeringPolicy
				class="ch.qos.logback.core.rolling.SizeAndTimeBasedFNATP">
				<maxFileSize>10MB</maxFileSize>
			</timeBasedFileNamingAndTriggeringPolicy>
		</rollingPolicy>

	</appender>

	<appender name="FILE-ERROR"
		class="ch.qos.logback.core.rolling.RollingFileAppender">
		<file>${DEV_HOME}/${APP_NAME}-dev-error.log</file>
		<encoder class="ch.qos.logback.classic.encoder.PatternLayoutEncoder">
			<Pattern>
				%d{yyyy-MM-dd HH:mm:ss.SSS} - [%X{traceId:-},%X{spanId:-},%X{userIdentifier:-},%t,%p,%M] - %msg%n
			</Pattern>
		</encoder>

		<rollingPolicy class="ch.qos.logback.core.rolling.TimeBasedRollingPolicy">
			<!-- rollover daily -->
			<fileNamePattern>${DEV_HOME}/archived/${APP_NAME}-dev-error.%d{yyyy-MM-dd}.%i.log
                        </fileNamePattern>
			<timeBasedFileNamingAndTriggeringPolicy
				class="ch.qos.logback.core.rolling.SizeAndTimeBasedFNATP">
				<maxFileSize>10MB</maxFileSize>
			</timeBasedFileNamingAndTriggeringPolicy>
		</rollingPolicy>

	</appender>

	<!-- Send logs to both console and file audit -->
	<logger name="com.danamon.onboarding" level="debug"
		additivity="false">
		<appender-ref ref="FILE-AUDIT" />
		<appender-ref ref="STDOUT" />
	</logger>
	
	<logger name="org.springframework" level="error"
		additivity="false">
		<appender-ref ref="FILE-AUDIT" />
		<appender-ref ref="STDOUT" />
	</logger>
	
	<logger name="org.hibernate" level="error"
		additivity="false">
		<appender-ref ref="FILE-ERROR" />
		<appender-ref ref="STDOUT" />
	</logger>

	<root level="error">
		<appender-ref ref="FILE-ERROR" />
		<appender-ref ref="STDOUT" />
	</root>
  </springProfile>
</configuration>